<?xml version="1.0" encoding="UTF-8"?>
<!--<!DOCTYPE suite SYSTEM "http://testng.org/testng-1.0.dtd">  -->

<suite name="MobileControllerAPI" verbose="3" allow-return-values="true">
 	<parameter name="DataDriver" value="GOOGLESHEET" />
 <!--	 <parameter name="spreadsheetId" value="1wsac-K1T2VSZHGIIEwFGuztb2dHFcHTgWEWSvrXHTI8"/>   -->
 	 <parameter name="spreadsheetId" value="1wsac-K1T2VSZHGIIEwFGuztb2dHFcHTgWEWSvrXHTI8"/>  
 	 <test name="FlightSearch" parallel="true">
		<parameter name="sheet" value="FlightSearch" />
		<classes>
			<class name="GoogleSheetDataRead.MainTestData">
			</class>
		</classes>
	</test> 	
 	 </suite>
 	 
